path,hour,ip,country,region,city,isLogged,cookieEnabled,productId,id
/,20,2a10:2f40:a:f68:70b7:4790:6561:cc7d,UA,Lviv,Lviv,true,True,,187fc51c4708
/catalog,20,2a10:2f40:a:f68:70b7:4790:6561:cc7d,UA,Lviv,Lviv,true,True,,187fc5c3bfbd
/catalog,20,2a10:2f40:a:f68:70b7:4790:6561:cc7d,UA,Lviv,Lviv,true,True,,187fc5cfccde
/catalog,20,2a10:2f40:a:f68:70b7:4790:6561:cc7d,UA,Lviv,Lviv,true,True,,187fc5eba0ef
/catalog,20,2a10:2f40:a:f68:70b7:4790:6561:cc7d,UA,Lviv,Lviv,true,True,,187fc5f7eae0
/catalog,20,2a10:2f40:a:f68:70b7:4790:6561:cc7d,UA,Lviv,Lviv,true,True,,187fc61095fb
/catalog,20,2a10:2f40:a:f68:70b7:4790:6561:cc7d,UA,Lviv,Lviv,true,True,,187fc6174577
/catalog,20,2a10:2f40:a:f68:70b7:4790:6561:cc7d,UA,Lviv,Lviv,true,True,,187fc6328e8b
/catalog,20,2a10:2f40:a:f68:70b7:4790:6561:cc7d,UA,Lviv,Lviv,true,True,,187fc6391127
/catalog,20,2a10:2f40:a:f68:70b7:4790:6561:cc7d,UA,Lviv,Lviv,true,True,,187fc653b9fe
/catalog,20,2a10:2f40:a:f68:70b7:4790:6561:cc7d,UA,Lviv,Lviv,true,True,,187fc6878fed
/catalog,20,2a10:2f40:a:f68:70b7:4790:6561:cc7d,UA,Lviv,Lviv,true,True,,187fc6915b91
/catalog,20,2a10:2f40:a:f68:70b7:4790:6561:cc7d,UA,Lviv,Lviv,true,True,,187fc6c1c9e8
/catalog,20,2a10:2f40:a:f68:70b7:4790:6561:cc7d,UA,Lviv,Lviv,true,True,,187fc6cdb876
/catalog,20,2a10:2f40:a:f68:70b7:4790:6561:cc7d,UA,Lviv,Lviv,true,True,,187fc6df071f
/catalog,20,2a10:2f40:a:f68:70b7:4790:6561:cc7d,UA,Lviv,Lviv,true,True,,187fc6fe8d5c
/,20,2a10:2f40:a:f68:70b7:4790:6561:cc7d,UA,Lviv,Lviv,true,True,,187fc6ffae61
/catalog,20,2a10:2f40:a:f68:70b7:4790:6561:cc7d,UA,Lviv,Lviv,true,True,,187fc714f774
/catalog,20,2a10:2f40:a:f68:70b7:4790:6561:cc7d,UA,Lviv,Lviv,true,True,,187fc7258e39
/catalog,20,2a10:2f40:a:f68:70b7:4790:6561:cc7d,UA,Lviv,Lviv,true,True,,187fc733325a
/catalog,20,2a10:2f40:a:f68:70b7:4790:6561:cc7d,UA,Lviv,Lviv,true,True,,187fc73f8528
/catalog,20,2a10:2f40:a:f68:70b7:4790:6561:cc7d,UA,Lviv,Lviv,true,True,,187fc749653b
/,20,2a10:2f40:a:f68:70b7:4790:6561:cc7d,UA,Lviv,Lviv,true,True,,187fc7a1c2bd
/product/2,20,2a10:2f40:a:f68:70b7:4790:6561:cc7d,UA,Lviv,Lviv,true,True,2,187fc7a23f40
/,20,2a10:2f40:a:f68:70b7:4790:6561:cc7d,UA,Lviv,Lviv,,True,,187fc7c845c1
/,22,2a10:2f40:a:f68:70b7:4790:6561:cc7d,UA,Lviv,Lviv,true,True,,187fcee73485
//lucky,22,2a10:2f40:a:f68:70b7:4790:6561:cc7d,UA,Lviv,Lviv,true,True,,187fcef95e81
//lucky,22,2a10:2f40:a:f68:70b7:4790:6561:cc7d,UA,Lviv,Lviv,true,True,,187fcf00fd1d
//lucky,22,2a10:2f40:a:f68:70b7:4790:6561:cc7d,UA,Lviv,Lviv,true,True,,187fcf049c79
//lucky,22,2a10:2f40:a:f68:70b7:4790:6561:cc7d,UA,Lviv,Lviv,true,True,,187fcf0c4a9c
//lucky,22,2a10:2f40:a:f68:70b7:4790:6561:cc7d,UA,Lviv,Lviv,true,True,,187fcf14d2dc
//lucky,22,2a10:2f40:a:f68:70b7:4790:6561:cc7d,UA,Lviv,Lviv,true,True,,187fcf1af608
//lucky,22,2a10:2f40:a:f68:70b7:4790:6561:cc7d,UA,Lviv,Lviv,true,True,,187fcf2bc8f2
//lucky,22,2a10:2f40:a:f68:70b7:4790:6561:cc7d,UA,Lviv,Lviv,true,True,,187fcf2e7901
//lucky,23,2a10:2f40:a:f68:70b7:4790:6561:cc7d,UA,Lviv,Lviv,true,True,,187fcf38b29a
//lucky,23,2a10:2f40:a:f68:70b7:4790:6561:cc7d,UA,Lviv,Lviv,true,True,,187fcf4480ee
//lucky,23,2a10:2f40:a:f68:70b7:4790:6561:cc7d,UA,Lviv,Lviv,true,True,,187fcf4bb840
//lucky,23,2a10:2f40:a:f68:70b7:4790:6561:cc7d,UA,Lviv,Lviv,true,True,,187fcf54e554
//lucky,23,2a10:2f40:a:f68:70b7:4790:6561:cc7d,UA,Lviv,Lviv,true,True,,187fcf599626
/,18,2a10:2f40:a:f68:70b7:4790:6561:cc7d,UA,Lviv,Lviv,true,True,,188010a4b2f5
/admin,18,2a10:2f40:a:f68:70b7:4790:6561:cc7d,UA,Lviv,Lviv,true,True,,188010ac44d4
/admin,18,2a10:2f40:a:f68:70b7:4790:6561:cc7d,UA,Lviv,Lviv,true,True,,188010b0d595
/admin,18,2a10:2f40:a:f68:70b7:4790:6561:cc7d,UA,Lviv,Lviv,true,True,,188010b11132
/admin,18,2a10:2f40:a:f68:70b7:4790:6561:cc7d,UA,Lviv,Lviv,true,True,,1880110d48a0
/admin,18,2a10:2f40:a:f68:70b7:4790:6561:cc7d,UA,Lviv,Lviv,true,True,,1880111ee05f
/admin,18,2a10:2f40:a:f68:70b7:4790:6561:cc7d,UA,Lviv,Lviv,true,True,,188011346cde
/admin,18,2a10:2f40:a:f68:70b7:4790:6561:cc7d,UA,Lviv,Lviv,true,True,,1880121c1109
/admin,18,2a10:2f40:a:f68:70b7:4790:6561:cc7d,UA,Lviv,Lviv,true,True,,18801226717e
/admin,18,2a10:2f40:a:f68:70b7:4790:6561:cc7d,UA,Lviv,Lviv,true,True,,18801232b21f
/admin,18,2a10:2f40:a:f68:70b7:4790:6561:cc7d,UA,Lviv,Lviv,true,True,,18801238c1fd
/admin,18,2a10:2f40:a:f68:70b7:4790:6561:cc7d,UA,Lviv,Lviv,true,True,,1880124d5f32
/admin,18,2a10:2f40:a:f68:70b7:4790:6561:cc7d,UA,Lviv,Lviv,true,True,,1880126bf22b
/admin,18,2a10:2f40:a:f68:70b7:4790:6561:cc7d,UA,Lviv,Lviv,true,True,,18801273414a
/admin,18,2a10:2f40:a:f68:70b7:4790:6561:cc7d,UA,Lviv,Lviv,true,True,,1880128023b9
/admin,18,2a10:2f40:a:f68:70b7:4790:6561:cc7d,UA,Lviv,Lviv,true,True,,188012891e53
/admin,18,2a10:2f40:a:f68:70b7:4790:6561:cc7d,UA,Lviv,Lviv,true,True,,1880129859cd
/admin,18,2a10:2f40:a:f68:70b7:4790:6561:cc7d,UA,Lviv,Lviv,true,True,,188012acc20b
/admin,18,2a10:2f40:a:f68:70b7:4790:6561:cc7d,UA,Lviv,Lviv,true,True,,188012c56347
/admin,18,2a10:2f40:a:f68:70b7:4790:6561:cc7d,UA,Lviv,Lviv,true,True,,188012ce4584
/admin,18,2a10:2f40:a:f68:70b7:4790:6561:cc7d,UA,Lviv,Lviv,true,True,,188012f1969e
/admin,18,2a10:2f40:a:f68:70b7:4790:6561:cc7d,UA,Lviv,Lviv,true,True,,188012fe952f
/admin,18,2a10:2f40:a:f68:70b7:4790:6561:cc7d,UA,Lviv,Lviv,true,True,,1880130b73b2
/admin,18,2a10:2f40:a:f68:70b7:4790:6561:cc7d,UA,Lviv,Lviv,true,True,,18801312a5c8
/admin,18,2a10:2f40:a:f68:70b7:4790:6561:cc7d,UA,Lviv,Lviv,true,True,,1880131b928f
/admin,18,2a10:2f40:a:f68:70b7:4790:6561:cc7d,UA,Lviv,Lviv,true,True,,18801325171c
/admin,19,2a10:2f40:a:f68:70b7:4790:6561:cc7d,UA,Lviv,Lviv,true,True,,18801731e3f6
/admin,19,2a10:2f40:a:f68:70b7:4790:6561:cc7d,UA,Lviv,Lviv,true,True,,1880173f170b
/admin,20,2a10:2f40:a:f68:70b7:4790:6561:cc7d,UA,Lviv,Lviv,true,True,,1880174b2ddb
/admin,20,2a10:2f40:a:f68:70b7:4790:6561:cc7d,UA,Lviv,Lviv,true,True,,18801759bef1
/admin,20,2a10:2f40:a:f68:70b7:4790:6561:cc7d,UA,Lviv,Lviv,true,True,,1880175ea395
/admin,20,2a10:2f40:a:f68:70b7:4790:6561:cc7d,UA,Lviv,Lviv,true,True,,188017668363
/admin,20,2a10:2f40:a:f68:70b7:4790:6561:cc7d,UA,Lviv,Lviv,true,True,,18801777ed77
/admin,20,2a10:2f40:a:f68:70b7:4790:6561:cc7d,UA,Lviv,Lviv,true,True,,1880177c4b01
/admin,20,2a10:2f40:a:f68:70b7:4790:6561:cc7d,UA,Lviv,Lviv,true,True,,18801787a2d1
/admin,20,2a10:2f40:a:f68:70b7:4790:6561:cc7d,UA,Lviv,Lviv,true,True,,188017afee17
/admin,20,2a10:2f40:a:f68:70b7:4790:6561:cc7d,UA,Lviv,Lviv,true,True,,188017c0f527
/admin,20,2a10:2f40:a:f68:70b7:4790:6561:cc7d,UA,Lviv,Lviv,true,True,,188017c78009
/admin,20,2a10:2f40:a:f68:70b7:4790:6561:cc7d,UA,Lviv,Lviv,true,True,,188017da498c
/admin,20,2a10:2f40:a:f68:70b7:4790:6561:cc7d,UA,Lviv,Lviv,true,True,,188017e06ab6
/admin,20,2a10:2f40:a:f68:70b7:4790:6561:cc7d,UA,Lviv,Lviv,true,True,,188017ed8ea6
/admin,20,2a10:2f40:a:f68:70b7:4790:6561:cc7d,UA,Lviv,Lviv,true,True,,188017f7051d
/admin,20,2a10:2f40:a:f68:70b7:4790:6561:cc7d,UA,Lviv,Lviv,true,True,,1880183995f5
/admin,20,2a10:2f40:a:f68:70b7:4790:6561:cc7d,UA,Lviv,Lviv,true,True,,1880183e415f
/admin,20,2a10:2f40:a:f68:70b7:4790:6561:cc7d,UA,Lviv,Lviv,true,True,,18801845d789
/admin,20,2a10:2f40:a:f68:70b7:4790:6561:cc7d,UA,Lviv,Lviv,true,True,,18801872204b
/admin,20,2a10:2f40:a:f68:70b7:4790:6561:cc7d,UA,Lviv,Lviv,true,True,,1880187788b0
/admin,20,2a10:2f40:a:f68:70b7:4790:6561:cc7d,UA,Lviv,Lviv,true,True,,188018922e2f
/admin,20,2a10:2f40:a:f68:70b7:4790:6561:cc7d,UA,Lviv,Lviv,true,True,,188018ae1dd1
/admin,20,2a10:2f40:a:f68:70b7:4790:6561:cc7d,UA,Lviv,Lviv,true,True,,188018c15c79
/admin,20,2a10:2f40:a:f68:70b7:4790:6561:cc7d,UA,Lviv,Lviv,true,True,,188018c516ec
/admin,21,2a10:2f40:a:f68:70b7:4790:6561:cc7d,UA,Lviv,Lviv,true,True,,18801ac0eefb
/admin,21,2a10:2f40:a:f68:70b7:4790:6561:cc7d,UA,Lviv,Lviv,true,True,,18801ad4ec17
/admin,21,2a10:2f40:a:f68:70b7:4790:6561:cc7d,UA,Lviv,Lviv,true,True,,18801aeaa7d7
/admin,21,2a10:2f40:a:f68:70b7:4790:6561:cc7d,UA,Lviv,Lviv,true,True,,18801af212b0
/admin,21,2a10:2f40:a:f68:70b7:4790:6561:cc7d,UA,Lviv,Lviv,true,True,,18801b9f52ad
/admin,21,2a10:2f40:a:f68:70b7:4790:6561:cc7d,UA,Lviv,Lviv,true,True,,18801babb527
/admin,21,2a10:2f40:a:f68:70b7:4790:6561:cc7d,UA,Lviv,Lviv,true,True,,18801bbba661
/admin,21,2a10:2f40:a:f68:70b7:4790:6561:cc7d,UA,Lviv,Lviv,true,True,,18801bc6e4ee
/admin,21,2a10:2f40:a:f68:70b7:4790:6561:cc7d,UA,Lviv,Lviv,true,True,,18801bcc84c5
/admin,21,2a10:2f40:a:f68:70b7:4790:6561:cc7d,UA,Lviv,Lviv,true,True,,18801be2ac12
/admin,21,2a10:2f40:a:f68:70b7:4790:6561:cc7d,UA,Lviv,Lviv,true,True,,18801bff5471
/admin,21,2a10:2f40:a:f68:70b7:4790:6561:cc7d,UA,Lviv,Lviv,true,True,,18801c0e314e
/admin,21,2a10:2f40:a:f68:70b7:4790:6561:cc7d,UA,Lviv,Lviv,true,True,,18801c2b5146
/admin,21,2a10:2f40:a:f68:70b7:4790:6561:cc7d,UA,Lviv,Lviv,true,True,,18801c39a537
/admin,21,2a10:2f40:a:f68:70b7:4790:6561:cc7d,UA,Lviv,Lviv,true,True,,18801d10e79d
/,19,2a10:2f40:a:f68:70b7:4790:6561:cc7d,UA,Lviv,Lviv,,True,,188203a4dbbc
/,19,2a10:2f40:a:f68:70b7:4790:6561:cc7d,UA,Lviv,Lviv,true,True,,188203a70c83
/admin,19,2a10:2f40:a:f68:70b7:4790:6561:cc7d,UA,Lviv,Lviv,true,True,,188203a7a22e
/admin,19,2a10:2f40:a:f68:70b7:4790:6561:cc7d,UA,Lviv,Lviv,true,True,,188204dae652
/,19,2a10:2f40:a:f68:70b7:4790:6561:cc7d,UA,Lviv,Lviv,true,True,,188204e35aac
/product/,19,2a10:2f40:a:f68:70b7:4790:6561:cc7d,UA,Lviv,Lviv,true,True,4,188204e47d7b
/admin,19,2a10:2f40:a:f68:70b7:4790:6561:cc7d,UA,Lviv,Lviv,true,True,,188204e71df8
/product/,19,2a10:2f40:a:f68:70b7:4790:6561:cc7d,UA,Lviv,Lviv,true,True,2,188204e90f39
/product/,19,2a10:2f40:a:f68:70b7:4790:6561:cc7d,UA,Lviv,Lviv,true,True,3,188204ea05ee
/product/,19,2a10:2f40:a:f68:70b7:4790:6561:cc7d,UA,Lviv,Lviv,true,True,4,188204eb2389
/product/,19,2a10:2f40:a:f68:70b7:4790:6561:cc7d,UA,Lviv,Lviv,true,True,2,188204ec0e04
/admin,19,2a10:2f40:a:f68:70b7:4790:6561:cc7d,UA,Lviv,Lviv,true,True,,188204edb39e
/product/,19,2a10:2f40:a:f68:70b7:4790:6561:cc7d,UA,Lviv,Lviv,true,True,4,188204f2bac0
/admin,19,2a10:2f40:a:f68:70b7:4790:6561:cc7d,UA,Lviv,Lviv,true,True,,18820502de9f
/admin,19,2a10:2f40:a:f68:70b7:4790:6561:cc7d,UA,Lviv,Lviv,true,True,,1882053bb019
/admin,19,2a10:2f40:a:f68:70b7:4790:6561:cc7d,UA,Lviv,Lviv,true,True,,1882055a34dc
/admin,19,2a10:2f40:a:f68:70b7:4790:6561:cc7d,UA,Lviv,Lviv,true,True,,1882056761d8
/admin,19,2a10:2f40:a:f68:70b7:4790:6561:cc7d,UA,Lviv,Lviv,true,True,,188205711057
/admin,19,2a10:2f40:a:f68:70b7:4790:6561:cc7d,UA,Lviv,Lviv,true,True,,1882057e0d72
/admin,19,2a10:2f40:a:f68:70b7:4790:6561:cc7d,UA,Lviv,Lviv,true,True,,18820589d5ac
/admin,20,2a10:2f40:a:f68:70b7:4790:6561:cc7d,UA,Lviv,Lviv,true,True,,1882062de117
/admin,20,2a10:2f40:a:f68:70b7:4790:6561:cc7d,UA,Lviv,Lviv,true,True,,188206340665
/user,20,2a10:2f40:a:f68:70b7:4790:6561:cc7d,UA,Lviv,Lviv,true,True,,1882064eb80f
/user,20,2a10:2f40:a:f68:70b7:4790:6561:cc7d,UA,Lviv,Lviv,true,True,,188206510abd
/catalog,20,2a10:2f40:a:f68:70b7:4790:6561:cc7d,UA,Lviv,Lviv,true,True,,1882066664b6
/,20,2a10:2f40:a:f68:70b7:4790:6561:cc7d,UA,Lviv,Lviv,true,True,,1882066d257b
/product/,20,2a10:2f40:a:f68:70b7:4790:6561:cc7d,UA,Lviv,Lviv,true,True,4,1882068b3e0d
/product/,20,2a10:2f40:a:f68:70b7:4790:6561:cc7d,UA,Lviv,Lviv,true,True,4,1882068eba20
/,17,2a10:2f40:a:f68:70b7:4790:6561:cc7d,UA,Lviv,Lviv,true,True,,188250ea6a8c
/,20,2a10:2f40:a:f68:70b7:4790:6561:cc7d,UA,Lviv,Lviv,,True,,188259e875aa
/,20,2a10:2f40:a:f68:70b7:4790:6561:cc7d,UA,Lviv,Lviv,true,True,,188259e8cb13
/,20,2a10:2f40:a:f68:70b7:4790:6561:cc7d,UA,Lviv,Lviv,true,True,,188259e93a50
/product/,20,2a10:2f40:a:f68:70b7:4790:6561:cc7d,UA,Lviv,Lviv,true,True,2,188259e9e944
/,10,2a10:2f40:a:f68:8cf6:3b47:97f2:2dae,UA,Lviv,Lviv,,True,,1883d4ca253b
/,10,2a10:2f40:a:f68:8cf6:3b47:97f2:2dae,UA,Lviv,Lviv,true,True,,1883d4ca5787
/admin,10,2a10:2f40:a:f68:8cf6:3b47:97f2:2dae,UA,Lviv,Lviv,true,True,,1883d4d022f2
/admin,10,2a10:2f40:a:f68:8cf6:3b47:97f2:2dae,UA,Lviv,Lviv,true,True,,1883d4fd4d31
/admin,10,2a10:2f40:a:f68:8cf6:3b47:97f2:2dae,UA,Lviv,Lviv,true,True,,1883d51af37e
/admin,11,2a10:2f40:a:f68:8cf6:3b47:97f2:2dae,UA,Lviv,Lviv,true,True,,1883d5387f6a
/admin,11,2a10:2f40:a:f68:8cf6:3b47:97f2:2dae,UA,Lviv,Lviv,true,True,,1883d543215f
/admin,11,2a10:2f40:a:f68:8cf6:3b47:97f2:2dae,UA,Lviv,Lviv,true,True,,1883d5704af3
/admin,11,2a10:2f40:a:f68:8cf6:3b47:97f2:2dae,UA,Lviv,Lviv,true,True,,1883d5769ccb
/admin,11,2a10:2f40:a:f68:8cf6:3b47:97f2:2dae,UA,Lviv,Lviv,true,True,,1883d596b131
/admin,11,2a10:2f40:a:f68:8cf6:3b47:97f2:2dae,UA,Lviv,Lviv,true,True,,1883d59c3a1f
/catalog,11,2a10:2f40:a:f68:8cf6:3b47:97f2:2dae,UA,Lviv,Lviv,true,True,,1883d60b98d2
/catalog,11,2a10:2f40:a:f68:8cf6:3b47:97f2:2dae,UA,Lviv,Lviv,true,True,,1883d6301d51
/catalog,11,2a10:2f40:a:f68:8cf6:3b47:97f2:2dae,UA,Lviv,Lviv,true,True,,1883d665c1ae
/catalog,11,2a10:2f40:a:f68:8cf6:3b47:97f2:2dae,UA,Lviv,Lviv,true,True,,1883d67429b3
/catalog,11,2a10:2f40:a:f68:8cf6:3b47:97f2:2dae,UA,Lviv,Lviv,true,True,,1883d67ea5a3
/catalog,11,2a10:2f40:a:f68:8cf6:3b47:97f2:2dae,UA,Lviv,Lviv,true,True,,1883d6928b83
/catalog,11,2a10:2f40:a:f68:8cf6:3b47:97f2:2dae,UA,Lviv,Lviv,true,True,,1883d6a9dc2e
/catalog,11,2a10:2f40:a:f68:8cf6:3b47:97f2:2dae,UA,Lviv,Lviv,true,True,,1883d6b8dcbb
/catalog,11,2a10:2f40:a:f68:8cf6:3b47:97f2:2dae,UA,Lviv,Lviv,true,True,,1883d6cbfe9f
/catalog,11,2a10:2f40:a:f68:8cf6:3b47:97f2:2dae,UA,Lviv,Lviv,true,True,,1883d6d13824
/catalog,11,2a10:2f40:a:f68:8cf6:3b47:97f2:2dae,UA,Lviv,Lviv,true,True,,1883d721e2fc
/catalog,11,2a10:2f40:a:f68:8cf6:3b47:97f2:2dae,UA,Lviv,Lviv,true,True,,1883d73c405e
/catalog,11,2a10:2f40:a:f68:8cf6:3b47:97f2:2dae,UA,Lviv,Lviv,true,True,,1883d752c5f8
/catalog,11,2a10:2f40:a:f68:8cf6:3b47:97f2:2dae,UA,Lviv,Lviv,true,True,,1883d75e86f4
/catalog,11,2a10:2f40:a:f68:8cf6:3b47:97f2:2dae,UA,Lviv,Lviv,true,True,,1883d77d6b92
/catalog,11,2a10:2f40:a:f68:8cf6:3b47:97f2:2dae,UA,Lviv,Lviv,true,True,,1883d7ac5745
/catalog,11,2a10:2f40:a:f68:8cf6:3b47:97f2:2dae,UA,Lviv,Lviv,true,True,,1883d7ba12a3
/catalog,11,2a10:2f40:a:f68:8cf6:3b47:97f2:2dae,UA,Lviv,Lviv,true,True,,1883d7c411d9
/catalog,11,2a10:2f40:a:f68:8cf6:3b47:97f2:2dae,UA,Lviv,Lviv,true,True,,1883d7cc875f
/catalog,11,2a10:2f40:a:f68:8cf6:3b47:97f2:2dae,UA,Lviv,Lviv,true,True,,1883d7d71e23
/catalog,11,2a10:2f40:a:f68:8cf6:3b47:97f2:2dae,UA,Lviv,Lviv,true,True,,1883d7e9f57a
/catalog,11,2a10:2f40:a:f68:8cf6:3b47:97f2:2dae,UA,Lviv,Lviv,true,True,,1883d80549d3
/admin,11,2a10:2f40:a:f68:8cf6:3b47:97f2:2dae,UA,Lviv,Lviv,true,True,,1883d828bc82
/admin,11,2a10:2f40:a:f68:8cf6:3b47:97f2:2dae,UA,Lviv,Lviv,true,True,,1883d848f484
/admin,11,2a10:2f40:a:f68:8cf6:3b47:97f2:2dae,UA,Lviv,Lviv,true,True,,1883d86150ed
/admin,11,2a10:2f40:a:f68:8cf6:3b47:97f2:2dae,UA,Lviv,Lviv,true,True,,1883d86590c4
/admin,11,2a10:2f40:a:f68:8cf6:3b47:97f2:2dae,UA,Lviv,Lviv,true,True,,1883d8697fbf
/admin,11,2a10:2f40:a:f68:8cf6:3b47:97f2:2dae,UA,Lviv,Lviv,true,True,,1883d8701280
/admin,12,2a10:2f40:a:f68:8cf6:3b47:97f2:2dae,UA,Lviv,Lviv,true,True,,1883d9132f90
/admin,12,2a10:2f40:a:f68:8cf6:3b47:97f2:2dae,UA,Lviv,Lviv,true,True,,1883d929c34b
/admin,12,2a10:2f40:a:f68:8cf6:3b47:97f2:2dae,UA,Lviv,Lviv,true,True,,1883d93339bc
/admin,12,2a10:2f40:a:f68:8cf6:3b47:97f2:2dae,UA,Lviv,Lviv,true,True,,1883d93da895
/admin,12,2a10:2f40:a:f68:8cf6:3b47:97f2:2dae,UA,Lviv,Lviv,true,True,,1883d94b1305
/admin,12,2a10:2f40:a:f68:8cf6:3b47:97f2:2dae,UA,Lviv,Lviv,true,True,,1883d95b58a2
/admin,12,2a10:2f40:a:f68:8cf6:3b47:97f2:2dae,UA,Lviv,Lviv,true,True,,1883d96d7940
/admin,12,2a10:2f40:a:f68:8cf6:3b47:97f2:2dae,UA,Lviv,Lviv,true,True,,1883d98d9c93
/admin,12,2a10:2f40:a:f68:8cf6:3b47:97f2:2dae,UA,Lviv,Lviv,true,True,,1883d992679c
/,15,176.120.103.102,UA,Lviv,Lviv,true,True,,188580aa8e4e
/admin/create,15,176.120.103.102,UA,Lviv,Lviv,true,True,,188580de80ef
/admin/create,15,176.120.103.102,UA,Lviv,Lviv,true,True,,188580f5ecbd
/admin/create,15,176.120.103.102,UA,Lviv,Lviv,true,True,,18858105e077
/admin/create,15,176.120.103.102,UA,Lviv,Lviv,true,True,,1885811d8525
/admin/create,15,176.120.103.102,UA,Lviv,Lviv,true,True,,1885812c8298
/admin/create,15,176.120.103.102,UA,Lviv,Lviv,true,True,,1885814a9bbc
/admin/create,15,176.120.103.102,UA,Lviv,Lviv,true,True,,18858174943e
/admin/create,15,176.120.103.102,UA,Lviv,Lviv,true,True,,188581841a84
/admin/create,16,176.120.103.102,UA,Lviv,Lviv,true,True,,1885839f7613
/admin/create,16,176.120.103.102,UA,Lviv,Lviv,true,True,,188583ab0a97
/admin/create,16,176.120.103.102,UA,Lviv,Lviv,true,True,,188583bc248a
/admin/create,16,176.120.103.102,UA,Lviv,Lviv,true,True,,188583c0aa29
/admin/create,16,176.120.103.102,UA,Lviv,Lviv,true,True,,188583c4771b
/admin/create,16,176.120.103.102,UA,Lviv,Lviv,true,True,,188583c9519b
/admin/create,16,176.120.103.102,UA,Lviv,Lviv,true,True,,188583cdd7a7
/admin/create,16,176.120.103.102,UA,Lviv,Lviv,true,True,,188583d4caa0
/admin/create,16,176.120.103.102,UA,Lviv,Lviv,true,True,,188583d9377c
/admin/create,16,176.120.103.102,UA,Lviv,Lviv,true,True,,188583e35866
/admin/create,16,176.120.103.102,UA,Lviv,Lviv,true,True,,188583f7f0b9
/admin/create,16,176.120.103.102,UA,Lviv,Lviv,true,True,,188584072bab
/admin/create,16,176.120.103.102,UA,Lviv,Lviv,true,True,,188584120480
/admin/create,16,176.120.103.102,UA,Lviv,Lviv,true,True,,1885841caa9a
/admin/create,16,176.120.103.102,UA,Lviv,Lviv,true,True,,188584242857
/admin/create,16,176.120.103.102,UA,Lviv,Lviv,true,True,,1885842ee521
/admin/create,16,176.120.103.102,UA,Lviv,Lviv,true,True,,188584387991
/admin/create,16,176.120.103.102,UA,Lviv,Lviv,true,True,,18858441e682
/admin/create,16,176.120.103.102,UA,Lviv,Lviv,true,True,,1885844e53b8
/admin/create,16,176.120.103.102,UA,Lviv,Lviv,true,True,,18858452a418
/admin/create,16,176.120.103.102,UA,Lviv,Lviv,true,True,,18858458719a
/admin/create,16,176.120.103.102,UA,Lviv,Lviv,true,True,,1885845a235b
/admin/create,16,176.120.103.102,UA,Lviv,Lviv,true,True,,1885845f3ad4
/admin/create,16,176.120.103.102,UA,Lviv,Lviv,true,True,,188584658963
/admin/create,16,176.120.103.102,UA,Lviv,Lviv,true,True,,18858468b908
/admin/create,16,176.120.103.102,UA,Lviv,Lviv,true,True,,1885846acb71
/admin/create,16,176.120.103.102,UA,Lviv,Lviv,true,True,,1885846e9e91
/admin/create,16,176.120.103.102,UA,Lviv,Lviv,true,True,,188584730a4f
/admin/create,16,176.120.103.102,UA,Lviv,Lviv,true,True,,188584778bbf
/admin/create,16,176.120.103.102,UA,Lviv,Lviv,true,True,,1885847f0289
/admin/create,16,176.120.103.102,UA,Lviv,Lviv,true,True,,1885848289ea
/admin/create,16,176.120.103.102,UA,Lviv,Lviv,true,True,,188584854371
/admin/create,16,176.120.103.102,UA,Lviv,Lviv,true,True,,1885848c7ddf
/admin/create,16,176.120.103.102,UA,Lviv,Lviv,true,True,,188584de4197
/admin/create,16,176.120.103.102,UA,Lviv,Lviv,true,True,,188585051a20
/admin/create,17,176.120.103.102,UA,Lviv,Lviv,true,True,,18858616cacd
/admin,17,176.120.103.102,UA,Lviv,Lviv,true,True,,188586184b2f
/admin,17,176.120.103.102,UA,Lviv,Lviv,true,True,,188586d23722
/admin,17,176.120.103.102,UA,Lviv,Lviv,true,True,,188586d6ffd3
/admin,17,176.120.103.102,UA,Lviv,Lviv,true,True,,188586e1f58f
/admin,17,176.120.103.102,UA,Lviv,Lviv,true,True,,1885871d2a1e
/admin,17,176.120.103.102,UA,Lviv,Lviv,true,True,,1885871ec9d3
/admin/create,17,176.120.103.102,UA,Lviv,Lviv,true,True,,1885873879b8
/,17,176.120.103.102,UA,Lviv,Lviv,true,True,,1885873978c1
/admin/create,17,176.120.103.102,UA,Lviv,Lviv,true,True,,1885873a584a
/admin,17,176.120.103.102,UA,Lviv,Lviv,true,True,,18858747d582
/admin,17,176.120.103.102,UA,Lviv,Lviv,true,True,,188588522226
/admin,17,176.120.103.102,UA,Lviv,Lviv,true,True,,1885886941b1
/admin,17,176.120.103.102,UA,Lviv,Lviv,true,True,,18858876ba98
/admin,17,176.120.103.102,UA,Lviv,Lviv,true,True,,1885887c7204
/admin,17,176.120.103.102,UA,Lviv,Lviv,true,True,,188588835663
/admin,17,176.120.103.102,UA,Lviv,Lviv,true,True,,1885888d391c
/admin,17,176.120.103.102,UA,Lviv,Lviv,true,True,,188588afd067
/admin,17,176.120.103.102,UA,Lviv,Lviv,true,True,,188588cafef7
/admin,17,176.120.103.102,UA,Lviv,Lviv,true,True,,188588e06eb7
/admin,17,176.120.103.102,UA,Lviv,Lviv,true,True,,188588f89360
/admin,17,176.120.103.102,UA,Lviv,Lviv,true,True,,188589183ef9
/admin,20,176.120.103.102,UA,Lviv,Lviv,true,True,,188591e75938
/,20,176.120.103.102,UA,Lviv,Lviv,true,True,,188591e79732
/admin,20,176.120.103.102,UA,Lviv,Lviv,true,True,,188591e987cf
/admin/create,20,176.120.103.102,UA,Lviv,Lviv,true,True,,188591ee850b
/admin,20,176.120.103.102,UA,Lviv,Lviv,true,True,,188591f86d1f
/admin,20,176.120.103.102,UA,Lviv,Lviv,true,True,,188591faf1c2
/admin,20,176.120.103.102,UA,Lviv,Lviv,true,True,,18859204e6cb
/admin,20,176.120.103.102,UA,Lviv,Lviv,true,True,,1885921754b6
/user,20,176.120.103.102,UA,Lviv,Lviv,true,True,,1885926143d4
/,20,176.120.103.102,UA,Lviv,Lviv,true,True,,1885926c9b41
/product/,20,176.120.103.102,UA,Lviv,Lviv,true,True,2,1885926d9518
/product/,20,176.120.103.102,UA,Lviv,Lviv,true,True,2,18859270e37a
/catalog,20,176.120.103.102,UA,Lviv,Lviv,true,True,,18859275e250
/,20,176.120.103.102,UA,Lviv,Lviv,true,True,,1885927715a9
/,11,2a10:2f40:a:f68:8cf6:3b47:97f2:2dae,UA,Lviv,Lviv,,True,,188615fd2731
/,11,2a10:2f40:a:f68:8cf6:3b47:97f2:2dae,UA,Lviv,Lviv,true,True,,188615fd5200
/admin,11,2a10:2f40:a:f68:8cf6:3b47:97f2:2dae,UA,Lviv,Lviv,true,True,,18861602a4ac
/admin,11,2a10:2f40:a:f68:8cf6:3b47:97f2:2dae,UA,Lviv,Lviv,true,True,,1886161fe69c
/admin,11,2a10:2f40:a:f68:8cf6:3b47:97f2:2dae,UA,Lviv,Lviv,true,True,,18861627b893
/admin,11,2a10:2f40:a:f68:8cf6:3b47:97f2:2dae,UA,Lviv,Lviv,true,True,,1886167f595c
/,11,2a10:2f40:a:f68:8cf6:3b47:97f2:2dae,UA,Lviv,Lviv,true,True,,18861805cf7e
/admin,11,2a10:2f40:a:f68:8cf6:3b47:97f2:2dae,UA,Lviv,Lviv,true,True,,188618067abd
/admin,11,2a10:2f40:a:f68:8cf6:3b47:97f2:2dae,UA,Lviv,Lviv,true,True,,1886182eca93
/admin,11,2a10:2f40:a:f68:8cf6:3b47:97f2:2dae,UA,Lviv,Lviv,true,True,,1886189cdda9
/admin,11,2a10:2f40:a:f68:8cf6:3b47:97f2:2dae,UA,Lviv,Lviv,true,True,,188618aa697a
/admin,11,2a10:2f40:a:f68:8cf6:3b47:97f2:2dae,UA,Lviv,Lviv,true,True,,188618b65461
/,11,2a10:2f40:a:f68:8cf6:3b47:97f2:2dae,UA,Lviv,Lviv,true,True,,18885705cd37
/,11,2a10:2f40:a:f68:8cf6:3b47:97f2:2dae,UA,Lviv,Lviv,true,True,,18885759d255
/,11,2a10:2f40:a:f68:8cf6:3b47:97f2:2dae,UA,Lviv,Lviv,true,True,,1888578cd37a
/,11,2a10:2f40:a:f68:8cf6:3b47:97f2:2dae,UA,Lviv,Lviv,true,True,,188857bb1015
/,11,2a10:2f40:a:f68:8cf6:3b47:97f2:2dae,UA,Lviv,Lviv,true,True,,188857bd94ed
/,11,2a10:2f40:a:f68:8cf6:3b47:97f2:2dae,UA,Lviv,Lviv,true,True,,188857be87cc
/,11,2a10:2f40:a:f68:8cf6:3b47:97f2:2dae,UA,Lviv,Lviv,true,True,,188857c162da
/,11,2a10:2f40:a:f68:8cf6:3b47:97f2:2dae,UA,Lviv,Lviv,true,True,,188857d5d0b4
/,11,2a10:2f40:a:f68:8cf6:3b47:97f2:2dae,UA,Lviv,Lviv,true,True,,188857da2419
/,11,2a10:2f40:a:f68:8cf6:3b47:97f2:2dae,UA,Lviv,Lviv,true,True,,188857ee1dc8
/,11,2a10:2f40:a:f68:8cf6:3b47:97f2:2dae,UA,Lviv,Lviv,true,True,,1888580ed105
/,11,2a10:2f40:a:f68:8cf6:3b47:97f2:2dae,UA,Lviv,Lviv,true,True,,188858277f0f
/,11,2a10:2f40:a:f68:8cf6:3b47:97f2:2dae,UA,Lviv,Lviv,true,True,,18885827efaa
/,11,2a10:2f40:a:f68:8cf6:3b47:97f2:2dae,UA,Lviv,Lviv,true,True,,1888582bd3fe
/user,11,2a10:2f40:a:f68:8cf6:3b47:97f2:2dae,UA,Lviv,Lviv,true,True,,1888582d1088
/user,11,2a10:2f40:a:f68:8cf6:3b47:97f2:2dae,UA,Lviv,Lviv,true,True,,1888582d7cd5
/,11,2a10:2f40:a:f68:8cf6:3b47:97f2:2dae,UA,Lviv,Lviv,,True,,18885830712f
/,11,2a10:2f40:a:f68:8cf6:3b47:97f2:2dae,UA,Lviv,Lviv,,True,,188858313c74
/accounts/signin,11,2a10:2f40:a:f68:8cf6:3b47:97f2:2dae,UA,Lviv,Lviv,,True,,188858317d41
/,11,2a10:2f40:a:f68:8cf6:3b47:97f2:2dae,UA,Lviv,Lviv,true,True,,188858325efb
/,11,2a10:2f40:a:f68:8cf6:3b47:97f2:2dae,UA,Lviv,Lviv,true,True,,18885837450d
/,11,2a10:2f40:a:f68:8cf6:3b47:97f2:2dae,UA,Lviv,Lviv,true,True,,1888583b2d30
/,11,2a10:2f40:a:f68:8cf6:3b47:97f2:2dae,UA,Lviv,Lviv,true,True,,18885845e92a
/,11,2a10:2f40:a:f68:8cf6:3b47:97f2:2dae,UA,Lviv,Lviv,true,True,,1888585a0f1a
/,11,2a10:2f40:a:f68:8cf6:3b47:97f2:2dae,UA,Lviv,Lviv,true,True,,1888585e27db
/,11,2a10:2f40:a:f68:8cf6:3b47:97f2:2dae,UA,Lviv,Lviv,true,True,,188858612b4b
/accounts/signin,11,2a10:2f40:a:f68:8cf6:3b47:97f2:2dae,UA,Lviv,Lviv,,True,,18885863359e
/,11,2a10:2f40:a:f68:8cf6:3b47:97f2:2dae,UA,Lviv,Lviv,true,True,,18885863f0dd
/,11,2a10:2f40:a:f68:8cf6:3b47:97f2:2dae,UA,Lviv,Lviv,true,True,,1888586eb794
/,11,2a10:2f40:a:f68:8cf6:3b47:97f2:2dae,UA,Lviv,Lviv,true,True,,188858702291
/,11,2a10:2f40:a:f68:8cf6:3b47:97f2:2dae,UA,Lviv,Lviv,true,True,,1888587795c7
/,11,2a10:2f40:a:f68:8cf6:3b47:97f2:2dae,UA,Lviv,Lviv,true,True,,188858788739
/,11,2a10:2f40:a:f68:8cf6:3b47:97f2:2dae,UA,Lviv,Lviv,true,True,,1888587e9816
/,11,2a10:2f40:a:f68:8cf6:3b47:97f2:2dae,UA,Lviv,Lviv,true,True,,1888589e4ca9
/,11,2a10:2f40:a:f68:8cf6:3b47:97f2:2dae,UA,Lviv,Lviv,true,True,,1888589fc058
/,11,2a10:2f40:a:f68:8cf6:3b47:97f2:2dae,UA,Lviv,Lviv,true,True,,188858bd3609
/,11,2a10:2f40:a:f68:8cf6:3b47:97f2:2dae,UA,Lviv,Lviv,true,True,,188858beb60d
/,11,2a10:2f40:a:f68:8cf6:3b47:97f2:2dae,UA,Lviv,Lviv,true,True,,188858cb62d9
/,11,2a10:2f40:a:f68:8cf6:3b47:97f2:2dae,UA,Lviv,Lviv,true,True,,188858ce9877
/,11,2a10:2f40:a:f68:8cf6:3b47:97f2:2dae,UA,Lviv,Lviv,true,True,,188858cf88a6
/,11,2a10:2f40:a:f68:8cf6:3b47:97f2:2dae,UA,Lviv,Lviv,true,True,,188858cfd212
/accounts/signin,11,2a10:2f40:a:f68:8cf6:3b47:97f2:2dae,UA,Lviv,Lviv,,True,,188858d3f33b
/,11,2a10:2f40:a:f68:8cf6:3b47:97f2:2dae,UA,Lviv,Lviv,true,True,,188858d4cae0
/,11,2a10:2f40:a:f68:8cf6:3b47:97f2:2dae,UA,Lviv,Lviv,true,True,,188858d62913
/,11,2a10:2f40:a:f68:8cf6:3b47:97f2:2dae,UA,Lviv,Lviv,true,True,,188858d74e90
/,11,2a10:2f40:a:f68:8cf6:3b47:97f2:2dae,UA,Lviv,Lviv,true,True,,18885947758e
/,11,2a10:2f40:a:f68:8cf6:3b47:97f2:2dae,UA,Lviv,Lviv,true,True,,188859b2ee80
/product/,11,2a10:2f40:a:f68:8cf6:3b47:97f2:2dae,UA,Lviv,Lviv,true,True,2,188859b5ddef
/product/,11,2a10:2f40:a:f68:8cf6:3b47:97f2:2dae,UA,Lviv,Lviv,true,True,3,188859b72c03
/,13,2a10:2f40:a:f68:8cf6:3b47:97f2:2dae,UA,Lviv,Lviv,,True,,188955efb732
/,13,2a10:2f40:a:f68:8cf6:3b47:97f2:2dae,UA,Lviv,Lviv,true,True,,188955f035df
/catalog,13,2a10:2f40:a:f68:8cf6:3b47:97f2:2dae,UA,Lviv,Lviv,true,True,,188955f3ac8f
/catalog,13,2a10:2f40:a:f68:8cf6:3b47:97f2:2dae,UA,Lviv,Lviv,true,True,,188955f5ea1d
/catalog,13,2a10:2f40:a:f68:8cf6:3b47:97f2:2dae,UA,Lviv,Lviv,true,True,,188956068f7d
/catalog,13,2a10:2f40:a:f68:8cf6:3b47:97f2:2dae,UA,Lviv,Lviv,true,True,,1889560cc8a3
/catalog,13,2a10:2f40:a:f68:8cf6:3b47:97f2:2dae,UA,Lviv,Lviv,true,True,,1889562b8e7f
/catalog,13,2a10:2f40:a:f68:8cf6:3b47:97f2:2dae,UA,Lviv,Lviv,true,True,,18895640533e
/catalog,13,2a10:2f40:a:f68:8cf6:3b47:97f2:2dae,UA,Lviv,Lviv,true,True,,188956496a2b
/catalog,13,2a10:2f40:a:f68:8cf6:3b47:97f2:2dae,UA,Lviv,Lviv,true,True,,1889564d1d7f
/catalog,13,2a10:2f40:a:f68:8cf6:3b47:97f2:2dae,UA,Lviv,Lviv,true,True,,188956520fce
/catalog,13,2a10:2f40:a:f68:8cf6:3b47:97f2:2dae,UA,Lviv,Lviv,true,True,,188956554b38
/catalog,13,2a10:2f40:a:f68:8cf6:3b47:97f2:2dae,UA,Lviv,Lviv,true,True,,1889565bf2ee
/catalog,13,2a10:2f40:a:f68:8cf6:3b47:97f2:2dae,UA,Lviv,Lviv,true,True,,1889565e04e5
/catalog,13,2a10:2f40:a:f68:8cf6:3b47:97f2:2dae,UA,Lviv,Lviv,true,True,,18895661fa5b
/product/,13,2a10:2f40:a:f68:8cf6:3b47:97f2:2dae,UA,Lviv,Lviv,true,True,4,188956642dda
/,13,2a10:2f40:a:f68:8cf6:3b47:97f2:2dae,UA,Lviv,Lviv,true,True,,18895665e6ee
/,13,2a10:2f40:a:f68:8cf6:3b47:97f2:2dae,UA,Lviv,Lviv,true,True,,188956689435
/user,13,2a10:2f40:a:f68:8cf6:3b47:97f2:2dae,UA,Lviv,Lviv,true,True,,1889566bdbbe
/,13,2a10:2f40:a:f68:8cf6:3b47:97f2:2dae,UA,Lviv,Lviv,true,True,,1889566dbfce
/product/,13,2a10:2f40:a:f68:8cf6:3b47:97f2:2dae,UA,Lviv,Lviv,true,True,2,1889566e5806
/product/,13,2a10:2f40:a:f68:8cf6:3b47:97f2:2dae,UA,Lviv,Lviv,true,True,2,1889569f6ba3
/catalog,13,2a10:2f40:a:f68:8cf6:3b47:97f2:2dae,UA,Lviv,Lviv,true,True,,188956b1ad45
/user,13,2a10:2f40:a:f68:8cf6:3b47:97f2:2dae,UA,Lviv,Lviv,true,True,,188956b893ff
/user,13,2a10:2f40:a:f68:8cf6:3b47:97f2:2dae,UA,Lviv,Lviv,,True,,188956e744b6
/user,13,2a10:2f40:a:f68:8cf6:3b47:97f2:2dae,UA,Lviv,Lviv,true,True,,188956e7a7ae
/,13,2a10:2f40:a:f68:8cf6:3b47:97f2:2dae,UA,Lviv,Lviv,,True,,188956eb03d6
/product/,13,2a10:2f40:a:f68:8cf6:3b47:97f2:2dae,UA,Lviv,Lviv,true,True,2,188956eb91f2
/,13,2a10:2f40:a:f68:8cf6:3b47:97f2:2dae,UA,Lviv,Lviv,true,True,,188956f59a00
/,13,2a10:2f40:a:f68:8cf6:3b47:97f2:2dae,UA,Lviv,Lviv,true,True,,1889571807a3
/,13,2a10:2f40:a:f68:8cf6:3b47:97f2:2dae,UA,Lviv,Lviv,true,True,,18895722e989
/,13,2a10:2f40:a:f68:8cf6:3b47:97f2:2dae,UA,Lviv,Lviv,true,True,,1889575252df
/,13,2a10:2f40:a:f68:8cf6:3b47:97f2:2dae,UA,Lviv,Lviv,true,True,,1889575d5619
/user,13,2a10:2f40:a:f68:8cf6:3b47:97f2:2dae,UA,Lviv,Lviv,true,True,,18895787f435
/catalog,13,2a10:2f40:a:f68:8cf6:3b47:97f2:2dae,UA,Lviv,Lviv,true,True,,188957888858
/product/,13,2a10:2f40:a:f68:8cf6:3b47:97f2:2dae,UA,Lviv,Lviv,true,True,4,18895788d3ee
/,13,2a10:2f40:a:f68:8cf6:3b47:97f2:2dae,UA,Lviv,Lviv,true,True,,1889579f7595
/user,13,2a10:2f40:a:f68:8cf6:3b47:97f2:2dae,UA,Lviv,Lviv,true,True,,188957a0cadc
/user,13,2a10:2f40:a:f68:8cf6:3b47:97f2:2dae,UA,Lviv,Lviv,true,True,,188957cc00bb
/user,13,2a10:2f40:a:f68:8cf6:3b47:97f2:2dae,UA,Lviv,Lviv,true,True,,188957cfddc9
/user,13,2a10:2f40:a:f68:8cf6:3b47:97f2:2dae,UA,Lviv,Lviv,true,True,,188957e7e985
/,13,2a10:2f40:a:f68:8cf6:3b47:97f2:2dae,UA,Lviv,Lviv,true,True,,188957ecde6f
